actual,predicted,risk_score
0.9081099511430512,1.0118592,1.0
