actual,predicted,risk_score
0.9081099511430512,0.99148387,0.24254315
