actual,predicted,risk_score
0.9081099511430512,1.0832611,1.0
