actual,predicted,risk_score
0.9081099511430512,1.0120069,1.0
