actual,predicted,risk_score
0.9081099511430512,0.99309075,1.0
