actual,predicted,risk_score
0.9081099511430512,1.011581,1.0
